_H:	$Name	"%EXT[2:0,0]<2:5,10>"	"%EXT[2:1,0]"	"%EXT[2:2,0]"	"%EXT[2:3,0]"	"%EXT[2:4,0]"	"%EXT[2:5,0]"	"%EXT[2:6,0]"	"%EXT[2:7,0]"	"%EXT[2:8,0]"	"%EXT[2:9,0]"	"%EXT[2:0,1]"	"%EXT[2:1,1]"	"%EXT[2:2,1]"	"%EXT[2:3,1]"	"%EXT[2:4,1]"	"%EXT[2:5,1]"	"%EXT[2:6,1]"	"%EXT[2:7,1]"	"%EXT[2:8,1]"	"%EXT[2:9,1]"	"%EXT[2:0,2]"	"%EXT[2:1,2]"	"%EXT[2:2,2]"	"%EXT[2:3,2]"	"%EXT[2:4,2]"	"%EXT[2:5,2]"	"%EXT[2:6,2]"	"%EXT[2:7,2]"	"%EXT[2:8,2]"	"%EXT[2:9,2]"	"%EXT[2:0,3]"	"%EXT[2:1,3]"	"%EXT[2:2,3]"	"%EXT[2:3,3]"	"%EXT[2:4,3]"	"%EXT[2:5,3]"	"%EXT[2:6,3]"	"%EXT[2:7,3]"	"%EXT[2:8,3]"	"%EXT[2:9,3]"	"%EXT[2:0,4]"	"%EXT[2:1,4]"	"%EXT[2:2,4]"	"%EXT[2:3,4]"	"%EXT[2:4,4]"	"%EXT[2:5,4]"	"%EXT[2:6,4]"	"%EXT[2:7,4]"	"%EXT[2:8,4]"	"%EXT[2:9,4]"	"%Output[2:0,0]<2:5,10>"	"%Output[2:1,0]"	"%Output[2:2,0]"	"%Output[2:3,0]"	"%Output[2:4,0]"	"%Output[2:5,0]"	"%Output[2:6,0]"	"%Output[2:7,0]"	"%Output[2:8,0]"	"%Output[2:9,0]"	"%Output[2:0,1]"	"%Output[2:1,1]"	"%Output[2:2,1]"	"%Output[2:3,1]"	"%Output[2:4,1]"	"%Output[2:5,1]"	"%Output[2:6,1]"	"%Output[2:7,1]"	"%Output[2:8,1]"	"%Output[2:9,1]"	"%Output[2:0,2]"	"%Output[2:1,2]"	"%Output[2:2,2]"	"%Output[2:3,2]"	"%Output[2:4,2]"	"%Output[2:5,2]"	"%Output[2:6,2]"	"%Output[2:7,2]"	"%Output[2:8,2]"	"%Output[2:9,2]"	"%Output[2:0,3]"	"%Output[2:1,3]"	"%Output[2:2,3]"	"%Output[2:3,3]"	"%Output[2:4,3]"	"%Output[2:5,3]"	"%Output[2:6,3]"	"%Output[2:7,3]"	"%Output[2:8,3]"	"%Output[2:9,3]"	"%Output[2:0,4]"	"%Output[2:1,4]"	"%Output[2:2,4]"	"%Output[2:3,4]"	"%Output[2:4,4]"	"%Output[2:5,4]"	"%Output[2:6,4]"	"%Output[2:7,4]"	"%Output[2:8,4]"	"%Output[2:9,4]"
_D:	AB_0	0	1	0	0	1	0	0	0	0	1	0	0	0	0	0	0	0	0	0	0	0	1	0	0	0	0	1	0	0	0	0	0	0	0	0	0	0	0	0	0	0	0	0	0	0	0	0	0	0	0	0	1	0	0	1	0	0	0	0	1	0	0	0	0	0	0	0	0	0	0	0	1	0	0	0	0	1	0	0	0	0	0	0	0	0	0	0	0	0	0	0	0	0	0	0	0	0	0	0	0
_D:	AB_1	0	0	1	1	0	1	0	0	0	0	0	1	1	0	0	0	0	0	0	0	0	0	0	0	0	0	0	0	0	0	0	0	0	0	0	0	0	0	0	0	0	0	0	0	0	0	0	0	0	0	0	0	1	1	0	1	0	0	0	0	0	1	1	0	0	0	0	0	0	0	0	0	0	0	0	0	0	0	0	0	0	0	0	0	0	0	0	0	0	0	0	0	0	0	0	0	0	0	0	0
_D:	AB_2	1	0	0	0	0	0	0	0	0	0	0	1	1	0	1	1	0	0	0	0	0	0	0	0	0	0	0	0	0	0	0	0	0	0	0	0	0	0	0	0	0	0	0	0	0	0	0	0	0	0	1	0	0	0	0	0	0	0	0	0	0	1	1	0	1	1	0	0	0	0	0	0	0	0	0	0	0	0	0	0	0	0	0	0	0	0	0	0	0	0	0	0	0	0	0	0	0	0	0	0
_D:	AB_3	0	0	1	0	0	0	0	0	1	0	0	0	0	1	0	0	0	0	0	0	0	0	0	1	1	0	0	0	0	0	0	0	0	0	0	0	0	0	0	0	0	0	0	0	0	0	0	0	0	0	0	0	1	0	0	0	0	0	1	0	0	0	0	1	0	0	0	0	0	0	0	0	0	1	1	0	0	0	0	0	0	0	0	0	0	0	0	0	0	0	0	0	0	0	0	0	0	0	0	0
_D:	AB_4	0	0	0	0	0	0	0	0	0	0	0	0	0	0	1	1	0	0	0	0	0	0	0	0	1	0	0	0	0	0	0	0	0	0	0	0	1	0	1	0	0	0	0	0	0	0	0	0	0	0	0	0	0	0	0	0	0	0	0	0	0	0	0	0	1	1	0	0	0	0	0	0	0	0	1	0	0	0	0	0	0	0	0	0	0	0	1	0	1	0	0	0	0	0	0	0	0	0	0	0
_D:	AB_5	1	0	0	0	0	1	0	1	0	0	1	1	0	0	0	0	0	0	0	0	0	0	0	0	0	0	0	0	0	0	0	0	0	0	0	0	0	0	0	0	0	0	0	0	0	0	0	0	0	0	1	0	0	0	0	1	0	1	0	0	1	1	0	0	0	0	0	0	0	0	0	0	0	0	0	0	0	0	0	0	0	0	0	0	0	0	0	0	0	0	0	0	0	0	0	0	0	0	0	0
_D:	AB_6	0	0	0	0	0	0	0	0	0	0	0	0	0	0	0	0	0	0	0	0	0	0	0	1	1	0	0	0	0	0	0	0	0	1	0	0	1	0	1	0	0	0	0	0	0	0	0	0	0	0	0	0	0	0	0	0	0	0	0	0	0	0	0	0	0	0	0	0	0	0	0	0	0	1	1	0	0	0	0	0	0	0	0	1	0	0	1	0	1	0	0	0	0	0	0	0	0	0	0	0
_D:	AB_7	0	1	0	1	0	1	0	0	0	0	0	0	0	0	0	1	0	0	1	0	0	0	0	0	0	0	0	0	0	0	0	0	0	0	0	0	0	0	0	0	0	0	0	0	0	0	0	0	0	0	0	1	0	1	0	1	0	0	0	0	0	0	0	0	0	1	0	0	1	0	0	0	0	0	0	0	0	0	0	0	0	0	0	0	0	0	0	0	0	0	0	0	0	0	0	0	0	0	0	0
_D:	AB_8	1	1	0	0	1	0	0	0	1	0	0	0	0	0	0	0	0	0	0	0	1	0	0	0	0	0	0	0	0	0	0	0	0	0	0	0	0	0	0	0	0	0	0	0	0	0	0	0	0	0	1	1	0	0	1	0	0	0	1	0	0	0	0	0	0	0	0	0	0	0	1	0	0	0	0	0	0	0	0	0	0	0	0	0	0	0	0	0	0	0	0	0	0	0	0	0	0	0	0	0
_D:	AB_9	0	0	0	0	0	0	0	0	0	0	1	0	0	0	0	0	0	1	1	0	0	0	0	1	1	0	0	0	0	0	0	0	0	0	0	0	0	0	0	0	0	0	0	0	0	0	0	0	0	0	0	0	0	0	0	0	0	0	0	0	1	0	0	0	0	0	0	1	1	0	0	0	0	1	1	0	0	0	0	0	0	0	0	0	0	0	0	0	0	0	0	0	0	0	0	0	0	0	0	0
_D:	AB_10	0	0	0	0	0	1	0	0	0	0	0	0	0	1	0	0	0	1	0	0	0	0	0	1	0	0	0	0	0	0	0	0	0	0	0	0	0	0	1	0	0	0	0	0	0	0	0	0	0	0	0	0	0	0	0	1	0	0	0	0	0	0	0	1	0	0	0	1	0	0	0	0	0	1	0	0	0	0	0	0	0	0	0	0	0	0	0	0	1	0	0	0	0	0	0	0	0	0	0	0
_D:	AB_11	0	0	0	0	0	1	0	1	0	0	0	0	0	0	1	0	0	1	0	0	0	0	0	0	0	0	0	1	0	0	0	0	0	0	0	0	0	0	0	0	0	0	0	0	0	0	0	0	0	0	0	0	0	0	0	1	0	1	0	0	0	0	0	0	1	0	0	1	0	0	0	0	0	0	0	0	0	1	0	0	0	0	0	0	0	0	0	0	0	0	0	0	0	0	0	0	0	0	0	0
_D:	AB_12	0	0	0	0	0	0	0	0	0	0	0	1	1	0	0	1	1	0	0	0	0	0	0	0	1	0	0	0	0	0	0	0	0	0	0	0	0	0	0	0	0	0	0	0	0	0	0	0	0	0	0	0	0	0	0	0	0	0	0	0	0	1	1	0	0	1	1	0	0	0	0	0	0	0	1	0	0	0	0	0	0	0	0	0	0	0	0	0	0	0	0	0	0	0	0	0	0	0	0	0
_D:	AB_13	1	0	0	0	0	0	0	1	0	0	1	0	0	0	0	0	0	0	0	0	0	0	0	0	0	0	0	0	0	0	0	0	0	0	1	0	0	1	0	0	0	0	0	0	0	0	0	0	0	0	1	0	0	0	0	0	0	1	0	0	1	0	0	0	0	0	0	0	0	0	0	0	0	0	0	0	0	0	0	0	0	0	0	0	1	0	0	1	0	0	0	0	0	0	0	0	0	0	0	0
_D:	AB_14	0	1	0	0	0	0	0	0	0	0	0	0	1	0	0	0	0	0	1	0	1	0	0	1	0	0	0	0	0	0	0	0	0	0	0	0	0	0	0	0	0	0	0	0	0	0	0	0	0	0	0	1	0	0	0	0	0	0	0	0	0	0	1	0	0	0	0	0	1	0	1	0	0	1	0	0	0	0	0	0	0	0	0	0	0	0	0	0	0	0	0	0	0	0	0	0	0	0	0	0
